ubuntu@ip-10-0-11-39:~$ sudo nano /etc/mysql/mysql.conf.d/mysqld.cnf
sudo systemctl restart mysql

ubuntu@ip-10-0-11-39:~$ sudo mysql -u root -p
Enter password: 
Welcome to the MySQL monitor.  Commands end with ; or \g.
Your MySQL connection id is 10
Server version: 8.0.40-0ubuntu0.24.04.1 (Ubuntu)

Copyright (c) 2000, 2024, Oracle and/or its affiliates.

Oracle is a registered trademark of Oracle Corporation and/or its
affiliates. Other names may be trademarks of their respective
owners.

Type 'help;' or '\h' for help. Type '\c' to clear the current input statement.

mysql> show users;
ERROR 1064 (42000): You have an error in your SQL syntax; check the manual that corresponds to your MySQL server version for the right syntax to use near 'users' at line 1
mysql> show databases;
+--------------------+
| Database           |
+--------------------+
| information_schema |
| mysql              |
| performance_schema |
| sys                |
+--------------------+
4 rows in set (0.01 sec)

mysql> CREATE DATABASE IF NOT EXISTS todo_database;
Query OK, 1 row affected (0.00 sec)

mysql> CREATE USER 'todo_user'@'%' IDENTIFIED BY 'Muneeb@1122';
Query OK, 0 rows affected (0.03 sec)

mysql> GRANT ALL PRIVILEGES ON todo_database.* TO 'todo_user'@'%';
Query OK, 0 rows affected (0.01 sec)

mysql> FLUSH PRIVILEGES;
Query OK, 0 rows affected (0.00 sec)

mysql> exit 
Bye
ubuntu@ip-10-0-11-39:~$ sudo mysql -u todo_user -p'Muneeb@1122' todo_database
mysql: [Warning] Using a password on the command line interface can be insecure.
Welcome to the MySQL monitor.  Commands end with ; or \g.
Your MySQL connection id is 11
Server version: 8.0.40-0ubuntu0.24.04.1 (Ubuntu)

Copyright (c) 2000, 2024, Oracle and/or its affiliates.

Oracle is a registered trademark of Oracle Corporation and/or its
affiliates. Other names may be trademarks of their respective
owners.

Type 'help;' or '\h' for help. Type '\c' to clear the current input statement.

mysql> CREATE TABLE IF NOT EXISTS todos (
    ->     id INT AUTO_INCREMENT PRIMARY KEY,
    ->     title VARCHAR(255) NOT NULL,
    ->     description TEXT NOT NULL
    -> );
Query OK, 0 rows affected (0.04 sec)

mysql> select * from todo_database 
    -> ^C
mysql> select * from todos
    -> ^C
mysql> use todo_database;
Database changed
mysql> select * from todos;
Empty set (0.02 sec)

mysql> show tables;
+-------------------------+
| Tables_in_todo_database |
+-------------------------+
| todos                   |
+-------------------------+
1 row in set (0.00 sec)

mysql> 